id,title,url,published_at,duration_seconds,views,likes,tags
tPihPZRfh2A,"🤯 HELIA :Etude complète Open Innovation : télémétrie, éditiques, SLAs, DORA, B2B APIGEE, chatbot,IoT",https://youtu.be/tPihPZRfh2A,2026-06-01,3939,3,,
hnn5J3qbDyU,Reachy Mini s'inquiete pour mon forfait Telecom HELIA,https://youtu.be/hnn5J3qbDyU,2026-05-31,398,5,,
KFfIgERRjA4,#NODES24 - Call For Paper (full edition),https://youtu.be/KFfIgERRjA4,2026-05-31,1389,2,,
8H5msX4Qp1E,#NODES24 - Call For Paper (shortest edition),https://youtu.be/8H5msX4Qp1E,2026-05-31,512,4,,
9MxVcMB_RWE,#NODES24 - Call For Paper (medium edition),https://youtu.be/9MxVcMB_RWE,2026-05-31,1103,1,,
yfkjFV42FmY,⏱️ Trouver et candidater au poste qui matche à l'OPT-NC avec le MCP et Claude en 20',https://youtu.be/yfkjFV42FmY,2026-05-21,1439,16,,
Rui7jSKNJNk,🧞‍♂️Transform unstructured PDFs Job Offers into a well structured dataset w. gemma4:2b,https://youtu.be/Rui7jSKNJNk,2026-05-18,1379,52,2,
orrWgE9-ad4,📱 Cherche et trouve le poste qui matche tes compéténces à l'OPT-NC via une app HuggingFace 🤗,https://youtu.be/orrWgE9-ad4,2026-05-17,176,32,1,
N6BZIq9Z7cs,📱 Trouver et candidater à un AVP typé K8S depuis le mobile en 10',https://youtu.be/N6BZIq9Z7cs,2026-05-03,752,40,1,
0havqKL-Suo,⏳ End Of Life automation w. geol github action,https://youtu.be/0havqKL-Suo,2026-04-29,719,22,,
iRfW13FleGE,geol - logo automation & creative journey with pure code,https://youtu.be/iRfW13FleGE,2026-03-10,1286,18,,
M3iiRXKgz60,📊 Les Attaques de requins en Nouvelle-Calédonie en data,https://youtu.be/M3iiRXKgz60,2026-03-04,2046,86,,
4YQoeajyMHA,"⏱️ Attaques de Requin en NCL: analyses, faits et opportunités de Smartcity",https://youtu.be/4YQoeajyMHA,2026-03-03,365,70,,
SojNndY8vrk,endoflife.date as SQLite with geol 2.8.0,https://youtu.be/SojNndY8vrk,2026-03-02,787,11,,
T_L1jk6p6jo,geol explained in 1',https://youtu.be/T_L1jk6p6jo,2026-02-26,60,11,,
G_x2Aven5Yg,Exploring endoflife.date w. SQL - geol duckdb export and Quarto,https://youtu.be/G_x2Aven5Yg,2026-02-22,1051,39,2,
-BkiKuB1noI,🏆 DEV Challenge - Finally a duckdb community extension for brew/homebrew,https://youtu.be/-BkiKuB1noI,2026-02-04,1800,55,,
9AcIMW99-8s,geol v2.3.0 - export endoflife.date to duckdb,https://youtu.be/9AcIMW99-8s,2026-01-05,1173,46,,
JHWafHI52D8,geol documentation on docusaurus ?,https://youtu.be/JHWafHI52D8,2025-12-29,1132,23,1,
wbztvu-Kfxs,🎅 Chilling session bain de Noël en data,https://youtu.be/wbztvu-Kfxs,2025-12-23,168,16,,
A9I1-QZfajw,📱 OPT NC Démo Temps Attente Agence mobile,https://youtu.be/A9I1-QZfajw,2025-12-20,109,34,,
n1oRicJaNr4,Et si on avait une API REST pour l'éligibilite fibre en Nouvelle-Ccalédonie ?,https://youtu.be/n1oRicJaNr4,2025-12-16,996,34,2,
VhCZFc0Uvg4,📊 Produire le reporting annuel d'activite Github  developpeurs... en Rmarkdown,https://youtu.be/VhCZFc0Uvg4,2025-12-11,879,15,,
pk12RZIGOZE,Une affiche en Rmarkdown pour la Qualité des Eaux de Baignade de la Baie des Citrons à Nouméa,https://youtu.be/pk12RZIGOZE,2025-12-07,580,19,1,
rzojwTwwZVI,Un TUI pour les adresses de Nouvelle-Calédonie,https://youtu.be/rzojwTwwZVI,2025-12-04,1126,97,3,
SX09XdaX-kU,Go TUI + Water Quality - How I Hacked Nouméa Beaches,https://youtu.be/SX09XdaX-kU,2025-11-26,1361,120,3,
eJn12eJZZAI,🤗 2025 UNC MIAGE  - Feedbacks pédagogie,https://youtu.be/eJn12eJZZAI,2025-11-24,147,21,,
vuTck3IxXfw,⏳ geol  Fin de vie logicielle ci cd distrobox - v1.3.0 - full edition,https://youtu.be/vuTck3IxXfw,2025-11-19,351,48,,
fprAQzcZZrY,"🎙️ geol podcast  - inception, benefits, devops and roadmap",https://youtu.be/fprAQzcZZrY,2025-11-17,888,44,1,
ZqiXogK2fSw,"⏳ geol - Gérer la fin de vie (notebookLM slideshow) v1.3.0 - ""for dummies""  edition",https://youtu.be/ZqiXogK2fSw,2025-11-13,263,59,3,
yCZRgAiQt9s,📢 geol 1.3.0 unboxing - the check command,https://youtu.be/yCZRgAiQt9s,2025-11-08,2716,25,,
2Qe4QswlllY,🐋 Run any version of any OS on any architecture anywhere w.distrobox,https://youtu.be/2Qe4QswlllY,2025-11-08,803,49,1,
vhFXWGqB_-g,📢 MVP Unboxing geol - a devops secops cli to manage EOLs and product lifecycle,https://youtu.be/vhFXWGqB_-g,2025-11-03,3715,46,,
WJUKcYsJQ8A,✉️ Les codes postaux et BPs de Nouvelle-Calédonie en API as a Service,https://youtu.be/WJUKcYsJQ8A,2025-10-06,792,33,2,
ddqJ-ZAlk9U,Colis NC   Démo AR,https://youtu.be/ddqJ-ZAlk9U,2025-09-25,106,7,,
suVkKJ_nNGI,📊 Se baigner malin à Nouméa avec de la data 🧫,https://youtu.be/suVkKJ_nNGI,2025-09-23,2592,60,,
z6Y9LiBQ-yU,"🗝️ Create and send passwords by sms with a ""burn after reading option""",https://youtu.be/z6Y9LiBQ-yU,2025-09-14,271,43,1,
zju3HE3fxw0,💘 I used charm_ CRUSH  AI coding agent to evaluate the UX of my cli,https://youtu.be/zju3HE3fxw0,2025-09-10,431,69,1,
I6ai5ttKVp8,"🛡️ Data quality w. to duckdb lint, CI and http_client 🦆",https://youtu.be/I6ai5ttKVp8,2025-09-08,534,58,1,
5Kk9QZ7YdWU,📍 Trouver efficacement une agence OPT-NC sur NEXT.js et Vercel avec APIGEE,https://youtu.be/5Kk9QZ7YdWU,2025-08-27,759,36,,
2s7r6vQJY54,🦥 Envoyer des sms mobitag depuis VS Ccode avec GitHub Copilot,https://youtu.be/2s7r6vQJY54,2025-07-30,271,76,,
sp4ec2rBfdI,🌈 L'UX de mobitag  prend des couleurs avec charmbracelet/fang,https://youtu.be/sp4ec2rBfdI,2025-07-18,351,36,2,
O9a0yfs2SEo,2025 UNC MIAGE - PRIX.NC - Dataprep - Paniers 1/2 - Alizée,https://youtu.be/O9a0yfs2SEo,2025-07-16,1354,19,,
tHA-61BwkN4,2025 UNC MIAGE - PRIX.NC - 01 - dataviz - Raphaël,https://youtu.be/tHA-61BwkN4,2025-07-16,1183,10,1,
MzSml4XPHnM,Larry a fait du vibe coding.... Walter n'est pas OK avec ça...,https://youtu.be/MzSml4XPHnM,2025-07-10,193,50,2,
5U8Rs9O4MFs,2025 UNC MIAGE - PRIX.NC  -  Dataviz Tina,https://youtu.be/5U8Rs9O4MFs,2025-07-09,1334,45,5,
d0_sA38My7w,2025 UNC MIAGE - PRIX.NC  - DataUse  -  James Langeron,https://youtu.be/d0_sA38My7w,2025-07-09,1564,33,1,
xLLb7ipKN00,2025 UNC MIAGE - PRIX.NC  - Station N - Commission Data- IA,https://youtu.be/xLLb7ipKN00,2025-07-03,2904,96,6,
dKR2NZM0G2g,2025 UNC MIAGE - PRIX.NC  - DataUse - Raimanu,https://youtu.be/dKR2NZM0G2g,2025-06-30,949,41,2,
uVGarme-Gzg,2025 UNC MIAGE - PRIX.NC  - DataUse - Dévi,https://youtu.be/uVGarme-Gzg,2025-06-29,1176,93,5,
l-Pw7Iay1XE,2025 UNC MIAGE - PRIX.NC - Dataprep - Paniers 2/2 - Julian,https://youtu.be/l-Pw7Iay1XE,2025-06-27,1544,25,,
uWAX7MFyb28,2025 UNC MIAGE - PRIX.NC  -  Dataprep - Cassandra,https://youtu.be/uWAX7MFyb28,2025-06-22,842,88,5,
X-iFIS54NhY,2025 UNC MIAGE - PRIX.NC Dataprep - Thouraya,https://youtu.be/X-iFIS54NhY,2025-06-19,1436,76,1,
7j-nASKXUFo,"⚖️ PRIX.NC - Teaser : paniers ""santé"" vs. paniers ""économiques""",https://youtu.be/7j-nASKXUFo,2025-06-14,606,42,3,
0WysPP3soxU,🪚 Legacy chainsaw microservices massacre,https://youtu.be/0WysPP3soxU,2025-06-12,133,180,2,
-ANplGPBWE4,2025 UNC MIAGE - PRIX.NC - 01 - dataprep - Clémentine,https://youtu.be/-ANplGPBWE4,2025-06-10,1051,155,5,
TWuZ1Sk9ZQw,PRIX.NC - Détection anomalies - Machine Learning avec XGBoost,https://youtu.be/TWuZ1Sk9ZQw,2025-06-03,237,73,3,
q0oWQaAAyM8,🗺️ Prix.nc - Analyse KMeans des anomalies de prix dataviz et dataviz cartographique,https://youtu.be/q0oWQaAAyM8,2025-05-25,183,87,4,
KjsFsV17iR4,mobitag v1.3.0 : mobitag web command & release pipeline,https://youtu.be/KjsFsV17iR4,2025-05-25,363,93,2,
EAIxPwBQV-E,🪓 Docker Psycho,https://youtu.be/EAIxPwBQV-E,2025-04-24,141,79,3,
jHg7Ydlo55E,🥳 Unboxing mobitag cli v1.0.0,https://youtu.be/jHg7Ydlo55E,2025-04-14,1941,85,2,
iQvkgF9IWlE,Offres d'emploi Nouvelle-Calédonie en Agentique  dans VSCode,https://youtu.be/iQvkgF9IWlE,2025-04-11,411,42,,
hbwJEKf-ffo,Rechercher efficacement tous les AVPs DRHFPNC d'une collectiivté,https://youtu.be/hbwJEKf-ffo,2025-04-07,203,20,,
kNWiZjAtMiE,Trivy for dummies on Kaggle w. duckdb & parquet files,https://youtu.be/kNWiZjAtMiE,2025-03-31,1096,70,,
PqmKcePKA6g,Judge CSV (respect my authority 🤪),https://youtu.be/PqmKcePKA6g,2025-03-25,116,75,3,
L8EqveZAFYE,🪄 AVPs DRHFPNC Nouvelle-Calédonie - Comment ça marche en 1',https://youtu.be/L8EqveZAFYE,2025-03-17,68,26,,
NMoCc5AY2os,🔫 Dependabot déboule dans une version... expéditive ‼️,https://youtu.be/NMoCc5AY2os,2025-03-13,214,35,,
qcgJ1mjcs7c,Les temps d'attente de l'OPT-NC sur une matrice LED Pimoroni - Soutenance UNC/MIAGE,https://youtu.be/qcgJ1mjcs7c,2025-03-03,820,54,1,
cE0LLl7iglY,Behind the scene : wait time dataviz on LED Matrix Pimoroni/APIGEE,https://youtu.be/cE0LLl7iglY,2025-02-27,241,21,,
4qqBoSEFy4k,API DOMAINE.nc - Une UX sur mesure avec optnc/domaine-nc-front,https://youtu.be/4qqBoSEFy4k,2025-02-26,210,33,,
5Sra-Yqn_Xs,Analyse post Emeutes 2024 avec emploi.gouv.nc depuis le terminal avec duckdb et parquet,https://youtu.be/5Sra-Yqn_Xs,2025-02-22,919,44,2,
vAPY7ferYvQ,👨‍🎓 Stage API et Mock des forfaits opt,https://youtu.be/vAPY7ferYvQ,2025-02-20,1172,76,,
Pm8PEKIpS3A,🔪 Chucky 2 : un Agent IA qui veut du bien aux développeurs,https://youtu.be/Pm8PEKIpS3A,2025-02-19,182,64,,
FbO_CUCqqQk,🤨 UX designer sur Mullholland drive,https://youtu.be/FbO_CUCqqQk,2025-02-03,83,2236,8,
jiuVHmZp_Ls,DRHFPNC job seeker on agent.ai,https://youtu.be/jiuVHmZp_Ls,2025-01-25,687,75,,
9UvY6Pguhxo,😱 Apocalypse MEP,https://youtu.be/9UvY6Pguhxo,2025-01-22,82,208,3,
jPy4mjFr-bk,🗡️ NO TEST INSTINCT,https://youtu.be/jPy4mjFr-bk,2025-01-21,119,16730,33,
fPH1l89i3b4,New-Caledonia AVPs DRHFPNC job offers podcast analysis 2025-01-17,https://youtu.be/fPH1l89i3b4,2025-01-17,843,49,2,
zcXKJ1KPn28,"GitHub Copilot 1-Day Build Challenge : eol, a tiny Go client to manage eols",https://youtu.be/zcXKJ1KPn28,2025-01-16,122,102,,
ErBCyOrup3M,PMI Horizons Nouméa - Neo4J & AI agents et impacts projets,https://youtu.be/ErBCyOrup3M,2025-01-09,1954,90,1,
K0lFZwJlHp8,Microcks for dummies: a kind devex friendly intro,https://youtu.be/K0lFZwJlHp8,2025-01-09,785,168,6,
b2R-K7_pbbc,Rambops... un sysadmin ne donne jamais le mot de passe root!,https://youtu.be/b2R-K7_pbbc,2025-01-02,43,151,1,
8HhTMX7WSeQ,Les Temps d'attente OPT-NC sur une matrice LED!,https://youtu.be/8HhTMX7WSeQ,2024-12-29,360,78,2,
UJQ_U4rCbvk,🏄 Breakpoint : le devs jusqu'à l'extrême limite,https://youtu.be/UJQ_U4rCbvk,2024-12-23,77,187,2,
kzdrJYhDETM,"Chercher et trouver un job en IA sur DRHFPNC, rédiger la lettre de candidature en 10' avec de l'IA 🤓",https://youtu.be/kzdrJYhDETM,2024-12-17,1099,82,3,
dZPqggildgU,Llama3.3 - premiers tests chatbot sur huggingchat,https://youtu.be/dZPqggildgU,2024-12-07,254,37,1,
T74TOF5GxCo,🏖️Les vacances scolaires de Nouvelle-Calédonie en Open data!,https://youtu.be/T74TOF5GxCo,2024-12-04,724,32,,
C3yKrT0Z-mg,Des temps attente et des données historiques avec Streamlit et APIGEE,https://youtu.be/C3yKrT0Z-mg,2024-12-02,1131,87,3,
aIzcgofPRf4,OSINT: From  Company acronyms to intelligence w. ollama,https://youtu.be/aIzcgofPRf4,2024-11-25,2264,115,1,
Df864F2yEz8,Les AVPs de la DRHFNC Nouvelle-Calédonie  - unboxing Kaggle,https://youtu.be/Df864F2yEz8,2024-10-16,1243,127,3,
6RbPVGcDKdQ,Suivre un colis sur appli mobile et Slack via API et Webhook,https://youtu.be/6RbPVGcDKdQ,2024-10-14,115,19,,
zPMaaBdeKNQ,"Math mystery of ""4"" and yFiles in Jupyter and yEd Live",https://youtu.be/zPMaaBdeKNQ,2024-10-07,1531,107,2,
7AEAN-nkhjE,Ollama LLM popularity trends drill down through families and versions,https://youtu.be/7AEAN-nkhjE,2024-09-29,66,29,,
JBlSaaiiS2w,Kafka documentation automation w. HUGO/gomplate/Github Actions/GitHub pages,https://youtu.be/JBlSaaiiS2w,2024-09-18,989,87,,
yOAKC5cTDc8,Les projets tutores UNC (Université de la Nouvelle-Calédonie) c'est quoi?,https://youtu.be/yOAKC5cTDc8,2024-09-16,559,50,1,
y9T5l6nt-d8,Colis NC BOT Discord   Appel depuis Workstation,https://youtu.be/y9T5l6nt-d8,2024-09-12,46,9,,
XG4c6Rbizho,📢 Neo4J #NODES24 agenda is live 📅,https://youtu.be/XG4c6Rbizho,2024-09-11,154,13,,
WVHoAfgIuds,"📈 Ideation automation : boost human creativity w/ SmartLLMChain : faster, better, cheaper",https://youtu.be/WVHoAfgIuds,2024-09-09,1765,36,,
2TX8xjZkrz8,"🦆 💏 🐘 Make PostgreSQL & duckdb ""sql"" together",https://youtu.be/2TX8xjZkrz8,2024-08-19,924,213,4,
XCao0fcXiEQ,Pacific Dataviz Challenge 2024 - Behind the scene dataprep,https://youtu.be/XCao0fcXiEQ,2024-08-11,2110,81,3,
mz8D8lN5CRw,PDC 2024 Violences : types de violence sur les enfants,https://youtu.be/mz8D8lN5CRw,2024-08-11,71,90,1,
9zt3vLpXQuo,Left-shifter le processus de recrutement avec un assistant,https://youtu.be/9zt3vLpXQuo,2024-08-01,1445,76,,
rFA-vfbJaV4,Mobitag Sms automation with Power Automate Custom component & APIGEE,https://youtu.be/rFA-vfbJaV4,2024-07-29,972,42,,
Q2guR4l8sQk,Restaurant AI waiter upgraded to  llama3.1:70b,https://youtu.be/Q2guR4l8sQk,2024-07-24,585,87,1,
vxP2EBGwpv0,🧙 Debezium: the magic & benefits behind data capture & async replication (for free),https://youtu.be/vxP2EBGwpv0,2024-07-22,2286,91,,
3F7njD6ehqM,Oaas for dummies,https://youtu.be/3F7njD6ehqM,2024-07-14,1558,52,,
QHqti5NprX8,"🔀 Semantic Router w. ollama/gemma2 : ""CCaaS"" real life hotline usecase",https://youtu.be/QHqti5NprX8,2024-07-10,2948,158,1,
9BTJ2sCbTbg,🗣️🦾📲🤓 Teach AI agent to write & send sms w.open-interpreter (so you don't have to),https://youtu.be/9BTJ2sCbTbg,2024-07-01,699,113,3,
yVoMg7CXgaM,⏱️ Mobitag Hackathon week-end du 2024-06-22 🤓,https://youtu.be/yVoMg7CXgaM,2024-06-23,1001,43,1,
iB16uixYBcs,Smart Mail Box implementation from New Caledonia,https://youtu.be/iB16uixYBcs,2024-06-19,76,9,,
KnRrtYKEtUc,"🥳 Mobitag.nc : 25 ans et en APIs  - Retro, APIGEE et Unboxing",https://youtu.be/KnRrtYKEtUc,2024-06-17,784,241,1,
m24Kzk-kat4,Déclaration solennelle de Louis Mapou (2024-06-08)  - décryptée en dataviz,https://youtu.be/m24Kzk-kat4,2024-06-09,1211,79,5,
vb66lFI1U2Q,Emeutes Nouvelle-Calédonie 2024,https://youtu.be/vb66lFI1U2Q,2024-06-05,107,110,3,
i12O_pxySJM,New-Caledonia state of emergency AI photo analysis / Short edition,https://youtu.be/i12O_pxySJM,2024-06-03,1091,17,3,
GfFOeUU3wpQ,Discover Neo4j Graphsummit 2024 Paris w/ duckdb,https://youtu.be/GfFOeUU3wpQ,2024-05-28,298,48,1,
Ajykfxwu0tY,Seemless Huggingface Mistral inference AI call w/ Jupyter-ai,https://youtu.be/Ajykfxwu0tY,2024-05-25,370,73,,
QIpLJtZ98dw,Au P'tit Café - Customization fête des mères et état d'urgence,https://youtu.be/QIpLJtZ98dw,2024-05-23,306,22,1,
b6IwQ_5coiI,New-Caledonia state of emergency AI photo analysis,https://youtu.be/b6IwQ_5coiI,2024-05-21,1722,52,2,
NLWGE8qotpk,"⚠️ Au p'tit Café : version ""état d'urgence""",https://youtu.be/NLWGE8qotpk,2024-05-17,402,55,,
4hJxggHg-8U,Enjoy Neo4j Graphsummits data on Kaggle w/ duckdb,https://youtu.be/4hJxggHg-8U,2024-05-06,1210,42,,
-I9DBQRhsjo,Discover & score ollama models w/ duckdb  - Kaggle unboxing,https://youtu.be/-I9DBQRhsjo,2024-05-03,2077,116,3,
YKC_JO0VBzE,"Au p'tit Café - Challenge ""plats en sauce""",https://youtu.be/YKC_JO0VBzE,2024-05-02,105,7,,
xvQItI-eEZc,Automate LLM choice w/ based on capabilities scoring with duckdb,https://youtu.be/xvQItI-eEZc,2024-05-01,565,108,1,
AXw1fl6NeOs,"Au p'tit café - Assistant challenge ""grande faim""",https://youtu.be/AXw1fl6NeOs,2024-04-26,69,7,,
sAW9KIN0Xug,ollama most trendings LLMs (duckdb),https://youtu.be/sAW9KIN0Xug,2024-04-26,309,309,1,
dQI9SON4vkA,🥳 Women suffrage celebration with data-storytelling,https://youtu.be/dQI9SON4vkA,2024-04-24,1367,37,,
uBx_wwjR6ic,Fiches Emplois Nouvelle-Calédonie et codes ROME,https://youtu.be/uBx_wwjR6ic,2024-04-17,2297,96,1,
Ra5HCWVxvtg,Yearly performance review as a movie (1/2),https://youtu.be/Ra5HCWVxvtg,2024-04-17,53,6,,
14Bo3eviUC0,Yearly performance review as a movie (2/2),https://youtu.be/14Bo3eviUC0,2024-04-17,99,5,,
CEStbrg3T40,📢 Restaurant waiter assistant on Cohere Command R+ on HuggingChat 🤗,https://youtu.be/CEStbrg3T40,2024-04-12,326,18,,
b6wBSTHZh20,nodes23 graphxr gender discovery,https://youtu.be/b6wBSTHZh20,2024-04-10,555,43,,
okbin3vmkfs,🏆 Ollama trending models,https://youtu.be/okbin3vmkfs,2024-04-05,10,8,1,
kfePcOUojeY,DuckDb tricks : keep table sorted,https://youtu.be/kfePcOUojeY,2024-04-04,684,59,,
SVIIc0W-8hg,📈 Data-driven strategy automation w/ LIDA,https://youtu.be/SVIIc0W-8hg,2024-04-02,1283,81,,
p-nmg6Uz6ow,🫨 HuggingChat assistant Au p'tit Café auto-update,https://youtu.be/p-nmg6Uz6ow,2024-04-01,298,90,,
2NEECHpDgZ8,IT Events API : when is next World Backup Day ?,https://youtu.be/2NEECHpDgZ8,2024-03-30,511,12,,
nxg02YWNfC0,Au p'tit café chatbot : challenge de prix,https://youtu.be/nxg02YWNfC0,2024-03-29,300,8,,
FRVsA7NoZv8,📓 Versionner et builder l'eBook de son Entretien Annuel d'Evaluation sur Git(Hub) avec l'IA,https://youtu.be/FRVsA7NoZv8,2024-03-25,2321,31,,
L7Mc2y7EQcs,⚔️ Chatbots RAG Arena et forfaits Telecom OPT-NC,https://youtu.be/L7Mc2y7EQcs,2024-03-18,4271,120,2,
DQOVxyqGYZY,📢 Le dataset des offres d'emploi de l'OPT Nouvelle-Calédonie sur Kaggle (2/2)🫨,https://youtu.be/DQOVxyqGYZY,2024-03-04,404,22,1,
HrZ8Txhgtig,📢 Le dataset des offres d'emploi de l'OPT Nouvelle-Calédonie sur Kaggle (1/2)🫨,https://youtu.be/HrZ8Txhgtig,2024-03-04,2843,61,2,
1-enuO_qR24,♀️⚖️♂ Vote du sénat l'inscription de l'IVG et Open Data,https://youtu.be/1-enuO_qR24,2024-03-01,497,14,,
OuIGTYsFj8w,Neo4J Ninjas Kaggle dataset unboxing,https://youtu.be/OuIGTYsFj8w,2024-02-28,1347,37,,
Y5PWxaxz1_E,Unboxing Open Data Kaggle - Agences OPT-NC,https://youtu.be/Y5PWxaxz1_E,2024-02-21,1945,55,,
G7yXRGQrsEU,🥉 Neo4j Ninjas Kaggle Notebook got a bronze medal,https://youtu.be/G7yXRGQrsEU,2024-02-16,11,12,,
VPJZLKKg4vM,Make the AI magic happen wiith jupyter-ai,https://youtu.be/VPJZLKKg4vM,2024-02-14,3117,79,2,
myCGsE3APHk,🪝Teaser : Make the AI magic happen wiith jupyter-ai 🪄,https://youtu.be/myCGsE3APHk,2024-02-12,11,17,,
WeUf_J1XB2s,"Huggingchat assistant - Restaurant waiter ""Au p'tit café "" on mobile (2/2)",https://youtu.be/WeUf_J1XB2s,2024-02-06,246,21,,
voElox0Cahg,"Huggingchat assistant - Restaurant waiter ""Au p'tit café "" (1/2)",https://youtu.be/voElox0Cahg,2024-02-06,1141,40,,
smtsyhVE2Lk,🦿🛴City garbage reporting automation w/ ollama (bakllava) 📊,https://youtu.be/smtsyhVE2Lk,2024-01-31,170,68,,
MroeN4aTjF4,ollama intro on kaggle w/ LlamaIndex (CPU),https://youtu.be/MroeN4aTjF4,2024-01-17,1868,207,2,
Wevpw4lhVPE,ollama evilops - Core image maintenance,https://youtu.be/Wevpw4lhVPE,2024-01-02,1186,36,,
0yTGatA85XY,ollama - Sarcastic DevOPS chabtBOT with evilops,https://youtu.be/0yTGatA85XY,2024-01-02,667,82,1,
k130fU75ZbE,SMSlink.nc Unboxing 1/3 -  Intro,https://youtu.be/k130fU75ZbE,2023-12-19,818,31,1,
VCASXhhED7I,SMSlink.nc Unboxing 2/3  - Data Exports,https://youtu.be/VCASXhhED7I,2023-12-19,195,11,,
fP2VKgHvauw,SMSlink.nc Unboxing 3/3  - Send a SMS,https://youtu.be/fP2VKgHvauw,2023-12-19,789,15,1,
F6ow49TpK60,Domaine.nc - Kaggle Notebook unboxing,https://youtu.be/F6ow49TpK60,2023-12-06,1991,45,1,
cXzkAHPipNw,DuckDb GitHub Action - maintain version at github organization level,https://youtu.be/cXzkAHPipNw,2023-11-15,377,130,1,
cfwEP6Oqjew,L'API marketplace en entreprise : définition et cas concrets,https://youtu.be/cfwEP6Oqjew,2023-11-05,3398,140,1,
7L3JBgwhDpc,DuckDB GitHub setup action,https://youtu.be/7L3JBgwhDpc,2023-10-30,78,50,,
Acp_TcGW-9g,🤗 Ode to Mother Earth #NODES23,https://youtu.be/Acp_TcGW-9g,2023-10-26,135,62,3,
uq2Myz4uYkU,🦙 Mistral 7B & Ollama: LLMs & Apache 2.0 Open Source are coming to small hardwares,https://youtu.be/uq2Myz4uYkU,2023-10-19,2313,114,2,
HC9qJd1YRC8,"Inspirational - The Infinite Game, Simon Sinek",https://youtu.be/HC9qJd1YRC8,2023-10-13,14,9,,
D_uvCfe7tDY,⭐ My GitHub stars nominations 🤗,https://youtu.be/D_uvCfe7tDY,2023-09-20,6,11,1,
nkN0Pgu7KM0,💭 A trailer for a #PacificDatavizChallengerelated  comic book,https://youtu.be/nkN0Pgu7KM0,2023-09-14,18,51,,
VPBBppmLxow,💭 A trailer for a #PacificDatavizChallengerelated  comic book,https://youtu.be/VPBBppmLxow,2023-09-14,5,12,1,
6MsLHr7fX_Y,auptitcafe data duckdb xc codespaces,https://youtu.be/6MsLHr7fX_Y,2023-09-12,1619,42,,
sqIpfaCUOLQ,🌐 UN Sustainable Goals - Baccalaureat Scientifique en Nouvelle-Calédonie,https://youtu.be/sqIpfaCUOLQ,2023-09-09,632,13,,
RYrgOvffDmw,endoflife.date teaser - Chrome os is coming,https://youtu.be/RYrgOvffDmw,2023-08-27,61,16,,
BN5Fdtvu21Q,🦜🔗 Langchain Agent - Package Delivery Tracking,https://youtu.be/BN5Fdtvu21Q,2023-08-24,3359,166,3,
nIq-Vwexk4I,"📯 Hi, this is Cyber postman talking 🎙️",https://youtu.be/nIq-Vwexk4I,2023-08-11,38,18,,
gCTfPxjrJ9U,"📯 Hi, this is Cyber postman talking 🎙️",https://youtu.be/gCTfPxjrJ9U,2023-08-10,1549,70,,
su4arCzhiGQ,Nouméa Citizen Experience - Calendrier des baignades autorisées,https://youtu.be/su4arCzhiGQ,2023-07-31,617,24,,
90RhOdxWNqo,🦆 Data Quality on track w/duckdb on GitHub (Actions),https://youtu.be/90RhOdxWNqo,2023-07-25,945,202,3,
hq_ZvUTCRWQ,🥳 Neodash 2.3.0 unboxing openai 🤖,https://youtu.be/hq_ZvUTCRWQ,2023-07-20,1067,47,1,
RawJXW_Lwag,Ridet-NC API - Une API mesh unique et Open Data,https://youtu.be/RawJXW_Lwag,2023-07-10,1831,48,1,
QHfvUnJQDl0,Domaine.Nc on javafx,https://youtu.be/QHfvUnJQDl0,2023-06-26,968,67,1,
DfdngsK-JaM,🏖️ Smart city social content automation w/ custom AI reporter 📸,https://youtu.be/DfdngsK-JaM,2023-06-20,2492,13,,
vDXkRrkfqRc,Guess gender from firstnames with OpenAI,https://youtu.be/vDXkRrkfqRc,2023-06-12,926,32,,
BRyC0AcQzCo,🦑 Squid (caching) now on endoflife.date,https://youtu.be/BRyC0AcQzCo,2023-06-11,547,24,,
M9JAPYhNCVs,🏖️ Beach water quality datascience at Nouméa  - From Kaggle to opendata on GitHub 🧫,https://youtu.be/M9JAPYhNCVs,2023-06-08,1565,27,,
J-j3R7fKac0,auptitcafe 2023 05 26,https://youtu.be/J-j3R7fKac0,2023-06-02,194,72,,
t6tDH8qaVSA,😋 Au p'tit café - AGI waitress (a suno-ai/bark experience 🐶),https://youtu.be/t6tDH8qaVSA,2023-05-31,1883,187,2,
Fy4o0Sfq7eg,😋 Au p'tit café (pypi package intro) 🚀,https://youtu.be/Fy4o0Sfq7eg,2023-05-24,667,34,,
4LCZbkkCyfQ,Active Directory groups analysis Neo4J Bloom,https://youtu.be/4LCZbkkCyfQ,2023-05-16,232,99,,
hatIPuXVnPE,Active Directory group analysis on Neo4J (Teaser),https://youtu.be/hatIPuXVnPE,2023-05-14,5,18,,
2aMK7LLAv2E,Enterprise Digital identties on Neo4J - Intro,https://youtu.be/2aMK7LLAv2E,2023-05-09,311,25,,
KWaId5i88Ks,Enterprise Digital identties on Neo4J - Demo,https://youtu.be/KWaId5i88Ks,2023-05-09,217,12,,
wAg_5xu-w48,Enterprise Digital identties on Neo4J - Teaser,https://youtu.be/wAg_5xu-w48,2023-05-08,7,6,,
_RV1JTkCcKk,(Kafka) Producer file demo,https://youtu.be/_RV1JTkCcKk,2023-05-03,383,76,1,
F7nlv_nigaw,Unleash Neo4j's ninjas data w. Kaggle notebook (intro),https://youtu.be/F7nlv_nigaw,2023-05-01,2079,42,,
jYEw2D8wya8,☕ tea.xyz (the short intro),https://youtu.be/jYEw2D8wya8,2023-04-24,1778,71,,
hURvEy-O2oc,Sankey Diagram for efficient GitHub issue reporting,https://youtu.be/hURvEy-O2oc,2023-04-12,419,26,,
hNfd7CmYAQo,DEV.TO stickers unboxing,https://youtu.be/hNfd7CmYAQo,2023-04-06,79,35,2,
2tWFPIPBZM4,🐋 Monitor Dockerhub popularity on Kaggle 📈,https://youtu.be/2tWFPIPBZM4,2023-04-05,1687,69,1,
vBtrOEFvHl4,📢 Oracle Database on endoflife.date 🚀,https://youtu.be/vBtrOEFvHl4,2023-03-22,1077,30,,
A3-CXrOEumM,🦆 DuckDb on tea.xyz 🍵,https://youtu.be/A3-CXrOEumM,2023-03-17,187,56,,
M6awjGe7sMk,🙀 ChatGPT m'aide à aller à la plage à Nouméa 🏖️,https://youtu.be/M6awjGe7sMk,2023-03-09,416,50,1,
2tTqo1TZCyA,"Gitlab  full analysis - End of Life, grype, eol, xeol",https://youtu.be/2tTqo1TZCyA,2023-03-01,3019,83,,
UoLvRw8v6Rk,"Entretien avec ChatGPT : Smart Cities,Citizen Developers, APIs & Open Data",https://youtu.be/UoLvRw8v6Rk,2023-02-25,757,34,1,
sw3K7vkgDVc,Behind the scene  Domaine Nc Mobile : Déploiement continu avec Fastlane/Flutter,https://youtu.be/sw3K7vkgDVc,2023-02-21,762,58,,
wD2mH2LMrP0,Domaine NC mobile v1.3.0,https://youtu.be/wD2mH2LMrP0,2023-02-20,459,34,,
7Cu0saF6Ce4,📢 SQLite has landed on endoflife.date 🦏,https://youtu.be/7Cu0saF6Ce4,2023-02-16,600,34,,
YmRxsOLqC7s,Implement a stack management workflow ... with endoflife.date on GitHub,https://youtu.be/YmRxsOLqC7s,2023-02-13,1478,79,,
Exr_csN1Epc,🚀 DOMAINE.nc on Neo4J Auradb - NeoDash Dashboard Gallery 🎨,https://youtu.be/Exr_csN1Epc,2023-02-06,230,47,,
pzzm5VSOn28,endoflife.date powershell with eol,https://youtu.be/pzzm5VSOn28,2023-02-02,259,67,,
9KCmB0nMnTA,📢 Fairphone is coming on endoflife.date 🍃,https://youtu.be/9KCmB0nMnTA,2023-02-01,585,38,3,
5KHg-_IKdeA,Asking google how to manage EoLs !,https://youtu.be/5KHg-_IKdeA,2023-01-29,41,35,1,
yF8dAr76Wu0,"endoflife.date spotted by Gizmodo for ""Here’s How Long Your Phone Will Be Supported""",https://youtu.be/yF8dAr76Wu0,2023-01-27,592,21,,
LIYfZXC97C8,endoflife date nested postgresql,https://youtu.be/LIYfZXC97C8,2023-01-27,1194,26,,
V1wb5dkdAPs,endoflife date psql lolcat,https://youtu.be/V1wb5dkdAPs,2023-01-25,19,31,,
rpRDstHf-fk,Browse Neo4j versions inside Neo4j AuraDB,https://youtu.be/rpRDstHf-fk,2023-01-11,1013,24,,
fTEBGePuqGk,Jreleaser is coming to endoflife date,https://youtu.be/fTEBGePuqGk,2023-01-05,81,45,,
aFtJx-dEqug,GitHub Issue race chart,https://youtu.be/aFtJx-dEqug,2022-12-20,74,50,,
ZOoawjzVa0g,charm_ VHS - endoflife.date,https://youtu.be/ZOoawjzVa0g,2022-12-14,51,236,1,
w9zAWPxMcPk,#nodes22 global technical debt,https://youtu.be/w9zAWPxMcPk,2022-12-05,107,108,,
zFrwXuzwXEo,carto neo4j,https://youtu.be/zFrwXuzwXEo,2022-12-05,32,36,,
2cOMB3s3Fuw,Nodes22 bloom meta,https://youtu.be/2cOMB3s3Fuw,2022-12-05,35,32,,
nEMeppRgMZY,Apache Maven has landed on endoflife.date,https://youtu.be/nEMeppRgMZY,2022-11-30,36,66,,
2dSzf4WdTjA,OPT-NC a son catalogue JBang!,https://youtu.be/2dSzf4WdTjA,2022-11-23,872,45,1,
VCphsrYfzak,Quarkus continuous redocly,https://youtu.be/VCphsrYfzak,2022-10-24,582,95,1,
_llZdBSS0iw,Grype contribs - jq trick - csv vulnerabilities  export,https://youtu.be/_llZdBSS0iw,2022-10-18,184,126,,
t_UhRhLU2II,DEVOPS-LABS 2022.04 - Kafka &  kafkacat,https://youtu.be/t_UhRhLU2II,2022-10-10,1497,230,3,
e42TjA127tg,OPT NC Partenaires mobilis demo mobile,https://youtu.be/e42TjA127tg,2022-10-03,79,5,,
K_U_LhMHvjw,OPT NC Partenaires Mobilis - Mobile,https://youtu.be/K_U_LhMHvjw,2022-10-03,125,27,,
0s6rHPg5Rqs,OPT NC Partenaires Mobilis Computer,https://youtu.be/0s6rHPg5Rqs,2022-10-03,110,46,,
ikMBuRjA6pA,OPT NC Partenaires Mobilis Tablette,https://youtu.be/ikMBuRjA6pA,2022-10-03,81,28,,
u1uKgdzM9sQ,Partenaires Moblis Demo,https://youtu.be/u1uKgdzM9sQ,2022-10-03,967,45,,
vvgbxY-iCEA,Partenaires Mobilis - Par API!,https://youtu.be/vvgbxY-iCEA,2022-09-28,34,47,,
lhMfKB6lukw,Phonenumber Validator - JBang demo,https://youtu.be/lhMfKB6lukw,2022-09-14,325,27,1,
4f7LAtm4pSw,Neo4J - Bloom for Dummies,https://youtu.be/4f7LAtm4pSw,2022-09-10,3005,237,2,
CorRJHu1fro,Neo4J   Installer Bloom,https://youtu.be/CorRJHu1fro,2022-09-10,256,306,1,
aEkj8D3LLWM,DOMAIN.nc : GET all domains !!!,https://youtu.be/aEkj8D3LLWM,2022-09-07,121,32,3,
qjjETvi0W9k,OPT SMS CLI  - csv et sms en masse,https://youtu.be/qjjETvi0W9k,2022-09-01,80,77,4,
Bf2I6nhN36w,"DEVOPS LABS 2022.03   Datascience, Dataviz et Domaine nc avec JupyterNotebook",https://youtu.be/Bf2I6nhN36w,2022-08-30,2186,29,,
rl3sCVyDqtY,Carto Neo4J NeoDash 2.0 demo,https://youtu.be/rl3sCVyDqtY,2022-08-25,1456,477,5,
ugttW3GgPCI,OPT-NC Shorts -  Est-ce que l'OPT-NC a des APIs publiques ?,https://youtu.be/ugttW3GgPCI,2022-08-22,38,20,,
WjQgS7aNgGc,OPT SMS CLI  - Long textos support,https://youtu.be/WjQgS7aNgGc,2022-08-18,145,29,,
oqrSA4ueUIo,Anakin veut OPT-SMS,https://youtu.be/oqrSA4ueUIo,2022-08-17,108,51,1,
d_vWqNONjCM,Colis nc - Démo RapidApi,https://youtu.be/d_vWqNONjCM,2022-08-10,942,55,1,
EtM2PZYT1cY,De Game of Thrones à l'urbanisation du système d'information,https://youtu.be/EtM2PZYT1cY,2022-08-03,2181,112,2,
4Rn_T_q207Y,OPT SMS CLI v0 0 1 SNAPSHOT,https://youtu.be/4Rn_T_q207Y,2022-07-28,61,41,1,
mvYckVNnaS4,Grype Contribs - jq tricks - get vulnerabilities as a clean csv (no template),https://youtu.be/mvYckVNnaS4,2022-07-27,139,63,,
U6MAq6Hc1iY,SMS awakens v0.0.1-SNAPSHOT,https://youtu.be/U6MAq6Hc1iY,2022-07-27,89,44,1,
WHzd_9v2ocw,Open Data 5S art digital,https://youtu.be/WHzd_9v2ocw,2022-07-21,1209,37,,
sNcQ_OzOINo,OPT NC Fallers Lighter,https://youtu.be/sNcQ_OzOINo,2022-07-20,141,6,,
T3h7WZ-CcFo,OPT NC Generative Art Unity,https://youtu.be/T3h7WZ-CcFo,2022-07-20,41,6,,
R1rNXhQ-UHI,OPT NC Generative Art Unity,https://youtu.be/R1rNXhQ-UHI,2022-07-20,41,120,,
2xBAxvcDgGI,OPT NC Generative Art   Unity v2,https://youtu.be/2xBAxvcDgGI,2022-07-20,59,51,,
PsTF55byh34,OPT NC Fallers Original,https://youtu.be/PsTF55byh34,2022-07-20,141,34,,
hEHzWiT9e1k,Grype upgrade to 0 42 0,https://youtu.be/hEHzWiT9e1k,2022-07-18,70,26,,
C2-i_fc5fKk,grype-contribs demo,https://youtu.be/C2-i_fc5fKk,2022-07-18,364,78,1,"devops,docker,security,devsecops,infosec,grype,anchore"
wLmPentyhM0,OPT-NC - neofetch and caca demo,https://youtu.be/wLmPentyhM0,2022-07-17,38,46,,
q2kNbOI_IPI,OPT NC Generative Art   Installation Boucing Balls,https://youtu.be/q2kNbOI_IPI,2022-07-05,9,8,,
63E_efWQslQ,OPT NC Generative Art Temps Attente Gravity,https://youtu.be/63E_efWQslQ,2022-06-30,33,3,,
wvTe1ca9bbI,OPT NC attente Orbit  Interactions,https://youtu.be/wvTe1ca9bbI,2022-06-30,33,6,,
YnAAvigoC3A,OPT NC Temps attente Orbit  Startup,https://youtu.be/YnAAvigoC3A,2022-06-30,16,6,,
4vmKVhHkdhI,temps attente agences dataviz,https://youtu.be/4vmKVhHkdhI,2022-06-30,476,40,1,"dataviz,p5js,docker,digitalart"
nxMQejs1XOU,Grype release v0.40.1 (and php support),https://youtu.be/nxMQejs1XOU,2022-06-24,121,19,1,
luCdXf-TGYY,Is Redmine affected by CVE-2022-32209 ?,https://youtu.be/luCdXf-TGYY,2022-06-23,129,89,,
SpzF0sHSkes,Demo API temps d'attente,https://youtu.be/SpzF0sHSkes,2022-06-23,345,42,,
uaiklKmxkws,optnc' s public dockerhub images stats from the shell (httpie/lolcat),https://youtu.be/uaiklKmxkws,2022-06-15,66,60,1,
9H60KADDJRo,Does OPT-NC have public docker images ?,https://youtu.be/9H60KADDJRo,2022-06-13,98,27,,
nPg5d1YOKjk,SDKMAN ! Auto-update environments with .sdkmanrc,https://youtu.be/nPg5d1YOKjk,2022-06-08,827,103,1,
wWyUDkghFZI,Github cli : gérer les milestones depuis le terminal,https://youtu.be/wWyUDkghFZI,2022-05-30,1076,111,1,
fVODO2iAniY,Introduction à Killercoda avec domaine.nc,https://youtu.be/fVODO2iAniY,2022-05-23,1320,212,5,
4eNz5qHGnEY,"API Documentation release automation with Github, redocly and Open API",https://youtu.be/4eNz5qHGnEY,2022-05-20,824,252,2,
jfvRUCo89Iw,This is how we maintain & release on Github,https://youtu.be/jfvRUCo89Iw,2022-05-09,509,44,,
wdzQmDofJ8s,Github Demo Issues,https://youtu.be/wdzQmDofJ8s,2022-05-06,355,21,,
dhhRxWpDWE0,Docker upgrade eclipse temurin:18 0 1 10 jre alpine and security,https://youtu.be/dhhRxWpDWE0,2022-05-05,193,305,,
x4GhCnyJ_DY,DOMAIN.nc : Avoid domain name expiration thanks to GH Actions,https://youtu.be/x4GhCnyJ_DY,2022-05-03,189,28,,
XhaqCqv1vWA,GitHub cli/cli : v2.9.0 clone labels feature console demo,https://youtu.be/XhaqCqv1vWA,2022-04-27,412,64,,
jwXX2jFKUv8,DOMAINE.nc front gource movie,https://youtu.be/jwXX2jFKUv8,2022-04-19,366,12,,
EX-G81j-N5k,DOMAINE.nc front gource movie (short),https://youtu.be/EX-G81j-N5k,2022-04-19,20,12,,
LzLSWOFQdRU,Grype demo 0.35.0 (Indicate location of vulnerability),https://youtu.be/LzLSWOFQdRU,2022-04-14,97,181,1,
8Iqr75OWX3o,"Github cli cli/cli : 2.7.0 new feature : ""gh status""",https://youtu.be/8Iqr75OWX3o,2022-04-11,75,32,,
3c7vj5cuYoY,gh cli upgrade,https://youtu.be/3c7vj5cuYoY,2022-04-09,37,89,,
1UepHh-P4Vg,DEVOPS LABS   2022 2   SpringNative,https://youtu.be/1UepHh-P4Vg,2022-04-07,1120,55,1,
LPrxUb82wCY,Grype demo sb bytecode vs native,https://youtu.be/LPrxUb82wCY,2022-04-07,48,23,,
NHJSdEYDqRw,Maintenance des dépendances en continu sur Github avec Dependabot,https://youtu.be/NHJSdEYDqRw,2022-04-07,148,91,,
MyNPzH7oheA,Build Spring Boot Native API on  Mac M1,https://youtu.be/MyNPzH7oheA,2022-04-05,135,419,2,
GRipRGxR4QY,Running Tanzu Unmanaged cluster on katacoda,https://youtu.be/GRipRGxR4QY,2022-03-27,1204,65,1,
17X96NSxSGQ,Follow opt-nc on Github,https://youtu.be/17X96NSxSGQ,2022-03-23,20,16,,
_FiVaMFITkI,yamlfixer Introduction,https://youtu.be/_FiVaMFITkI,2022-03-21,952,59,5,
pj-gzsbZJ58,DEVOPS LABS 2022.02 Knative appliqué au java,https://youtu.be/pj-gzsbZJ58,2022-03-11,563,52,2,
GuloRWeTavY,Yaml fixer Github Action,https://youtu.be/GuloRWeTavY,2022-03-10,416,109,,
Er-W5J5ky7Q,Releaser mieux avec les commits conventionels,https://youtu.be/Er-W5J5ky7Q,2022-02-09,899,141,,
oP8zJR1epBk,DEVOPSLABS   SDKMAN,https://youtu.be/oP8zJR1epBk,2021-08-31,1195,76,,
mf82Ya-LqTE,COVID 19 Github Nouveau cas,https://youtu.be/mf82Ya-LqTE,2021-08-22,376,24,1,
nvtzDNTCfY0,DEVOPS LABS 2021 1   PostgreSQL bloat et partitionnement,https://youtu.be/nvtzDNTCfY0,2021-04-23,1487,37,1,
eGHIF-fUgCY,DevOPS LABS Trailer,https://youtu.be/eGHIF-fUgCY,2021-04-07,418,173,,
